tid,time,tweet
326205052480012288,Mon Apr 22 05:25:19 +0000 2013,@CameronMs I thought I recognised the nice man giving me jelly beans.  Aaand they're gone.
272207875907145728,Sat Nov 24 05:19:49 +0000 2012,"@harto no netflix in my country. :( But we have plenty of wine, so I mean.. I can work with that. #hartomovienight"
267529131753881601,Sun Nov 11 07:28:10 +0000 2012,@zeniakumar @chinlovesyou me too! Happy Birthday Chin!
262748028094529536,Mon Oct 29 02:49:46 +0000 2012,Good on you #Google! That truly makes the absolute world of difference in someone's life. :D #genderequality http://t.co/7wOT3rvv
262389427421208576,Sun Oct 28 03:04:49 +0000 2012,I apparently study with my mouth open... We are not a codfish.
262389225398341632,Sun Oct 28 03:04:00 +0000 2012,RT @zeniakumar: Ryan #studying hard for the first time
262165340212043776,Sat Oct 27 12:14:22 +0000 2012,"RT @zeniakumar: ""The older I get the more I understand squidward's anger"""
261766745818267648,Fri Oct 26 09:50:30 +0000 2012,RT @JRhodesPianist: Perfectly valid excuse.  http://t.co/1zUUcYQL
261723210679209984,Fri Oct 26 06:57:30 +0000 2012,Reasons to have children? :) http://t.co/gheW5SBC
261722097926148096,Fri Oct 26 06:53:05 +0000 2012,RT @Queen_UK: Almost entirely full of gin.
261721133160734720,Fri Oct 26 06:49:15 +0000 2012,RT @graysoncoutts: so thirsty...I'm Thirsty Alley right now
261714529975685121,Fri Oct 26 06:23:01 +0000 2012,Discovering the joys of drawing faces on bananas. #bananas #sureillhashtagbananaswhynot
261712974937460736,Fri Oct 26 06:16:50 +0000 2012,"RT @LegaliseLove: Submissions have closed on the #marriageequality bill! Thanks to everyone for writing in support, we can't wait for th ..."
261678341013241856,Fri Oct 26 03:59:12 +0000 2012,"Having a ball with highlighters. Rainbow notes look brilliant; they may not be too practical, however."
261670929418031104,Fri Oct 26 03:29:45 +0000 2012,Tina Turner - the secret study pleasure. #thatscool #sortof
260853480221188096,Tue Oct 23 21:21:30 +0000 2012,Oh the thrill of trying to conceal my banana eating on a bus that strictly bans food. #thuglife
260684579055210496,Tue Oct 23 10:10:21 +0000 2012,"""You're such a grumpy Es-eytch-tee"" - Mum #hmm"
260682006944428032,Tue Oct 23 10:00:08 +0000 2012,"""Mum, what's that banging?""""Oh don't worry; your father's just jungle dancing with the cat again."" #umjungledancing? #andwhat"
260261450520616960,Mon Oct 22 06:08:59 +0000 2012,How frustrating is it to read over your tweets and find an apostrophe has somehow wriggled its way in without just cause. #why
260244295255212033,Mon Oct 22 05:00:49 +0000 2012,@HelenMaryPye I can't help it; washing machine's are so musical these days.
260238610543038464,Mon Oct 22 04:38:14 +0000 2012,"Got home to see Mum's got a new washing machine complete with a load-finishing tune to which we, as a family, enjoyed a little dance."
260156824211316737,Sun Oct 21 23:13:15 +0000 2012,"Author Miller's Death of a Salesman is in its final week! Directed by @jessepeach. If you can, please do go see it.  http://t.co/Sn4xKBIP :)"
260155080504901632,Sun Oct 21 23:06:19 +0000 2012,"RT @JRhodesPianist: Wagner was like a brain enema. Got rid of the shouty, scolding dwarf in the head for a few hours. Which is nice."
259956051896578048,Sun Oct 21 09:55:27 +0000 2012,RT @LydiaHollisterJ: @shillitoyousay I've never been more impressed with you. What a man.
259954139562389504,Sun Oct 21 09:47:51 +0000 2012,@LydiaHollisterJ I like this. This is a good idea - Much like buying Mum this foot spa years ago. Pampering my feet like trailer royalty.
259847603917840384,Sun Oct 21 02:44:31 +0000 2012,"Back in Tauranga. Glad to see the weather's just as fab as Auckland. - Oh sarcasm, you are my mistress."
259809208134926336,Sun Oct 21 00:11:56 +0000 2012,"Bus driver's insisting on greeting us all individually. Perhaps a bit unnecessary, but he's nice and I'd never frown on smiles. #nakedbus"
258037114980155392,Tue Oct 16 02:50:16 +0000 2012,"RT @LydiaHollisterJ: I  did a little cover @wheatus Teenage Dirtbag with my pal Josh, he's super talented. WATCH IT IF YOU LIKEY! http:/ ..."
254747621145579520,Sun Oct 07 00:59:00 +0000 2012,@CaptainSparklez d'you just come on survival games? We all got pretty damn excited. hah
254351273808261120,Fri Oct 05 22:44:03 +0000 2012,"@tamati_coffey Amazing job interviewing that minister this morning! It must've been hard, but you kept your cool like a pro #teamequality :)"
250019703391674369,Sun Sep 23 23:51:57 +0000 2012,"@Zeniakumar god, I've got to agree with anything florence related. Good luck!"
249696506196680705,Sun Sep 23 02:27:40 +0000 2012,@RadioActivefm What was the awesome song with the crazy sheet music at about 2:15ish today? Composed by John -someone- from Wellington?
248769331457052672,Thu Sep 20 13:03:25 +0000 2012,Short Film: Death of Brian - http://t.co/JyOL9XWu via @DailymotionUK
238548954223104000,Thu Aug 23 08:11:17 +0000 2012,Locked-in syndrome sufferer Tony Nicklinson dies of pneumonia http://t.co/iqU3sdB0 via @Independent
236433103952953344,Fri Aug 17 12:03:39 +0000 2012,@zeniakumar LightNing? Or have we just found a sudden new interest in lamps?
234710695567056896,Sun Aug 12 17:59:25 +0000 2012,"RT @zeniakumar ""It's 5 o'clock in the fucking morning and the fire alarm goes off"" week's starting perfectly.."
234161564406669313,Sat Aug 11 05:37:22 +0000 2012,Chair leg + dropped apple = exploded apple sauce carpet stain... #really
234160789173436418,Sat Aug 11 05:34:17 +0000 2012,RT @bitchy_ethan: @matthew_mitcham I can't thank you enough for becoming such a great role model for me to look up to. It means the worl ...
231354285609349120,Fri Aug 03 11:42:14 +0000 2012,Herbals at church this evening?
231353707919458304,Fri Aug 03 11:39:56 +0000 2012,@Zeniakumar the answer is yes
230065587601145856,Mon Jul 30 22:21:25 +0000 2012,Gay marriage gets PM's full support :D http://t.co/7E2a8P3N
229898331130830848,Mon Jul 30 11:16:48 +0000 2012,@LydiaHollisterJ oh dear. I'm worried that still exists. Think I'll have a peak at it the morning. #thosewerethedays #illneverheavymetal ...
229193078399971328,Sat Jul 28 12:34:22 +0000 2012,"@kimbramusic wonderfully odd, oddly wonderful, and so very attractive. Lovely little show tonight! Thank you! Only wish it were longer."
229162821919858689,Sat Jul 28 10:34:09 +0000 2012,Somebody just put their finger in my eye and flicked my contact out. #halfblind
227932086919651328,Wed Jul 25 01:03:38 +0000 2012,Just saw the blind guy at uni again. So embarrassed. Hoping he didn't see me. #littlebitrude? #probably
227489844845223936,Mon Jul 23 19:46:20 +0000 2012,Mothering arse buckets it's foggy this morning. #aucklandweather
226184112422141953,Fri Jul 20 05:17:49 +0000 2012,My quiet stroll ruined by mobs of crying screaming shallowbreathing girls after a recent sighting of some bloke called #Bieber or something?
226163757452242945,Fri Jul 20 03:56:56 +0000 2012,"Shit be cray wit Zenia and I RT@zeniakumar: Seeing a mob of girls outside the langham, people are crazy, at least they aren't screaming!"
225749213751963648,Thu Jul 19 00:29:41 +0000 2012,@LydiaHollisterJ Look who's got twitter like a real celebrity! #beniceshesnew #lydiathesearecalledhashtags
225234956379635713,Tue Jul 17 14:26:12 +0000 2012,RT @WillemHorck: Met @TimGunn today!!!! :D http://t.co/1hwV0uEE
224870013004300288,Mon Jul 16 14:16:03 +0000 2012,Dressing up to study alone in my room.. #fairlydepressing
224699812321312769,Mon Jul 16 02:59:44 +0000 2012,pretty sure everyone in my chinese course is fluent. Guess I get to feel useless an hour a day for the rest of the semester woo!
224686452263489536,Mon Jul 16 02:06:39 +0000 2012,I should probably proofread my tweets.
224685566577483776,Mon Jul 16 02:03:08 +0000 2012,Blind guy just asked of for directions. I pointed and said over there... #whoops
213256363508375553,Thu Jun 14 13:07:33 +0000 2012,And he throws himself into bed with hope of having the longest 4hrs of permitted sleep possible #exams
211321533287763968,Sat Jun 09 04:59:14 +0000 2012,"@zeniakumar: oh Lord, how much have you bought?"
210921965911941120,Fri Jun 08 02:31:30 +0000 2012,"Last night I swear @AmandaBalen and I held eye contact for a full two minutes. Holy God, she's awesome."
210920702881177601,Fri Jun 08 02:26:28 +0000 2012,@iamKevinFrey Last night blew my mind! Thank you :)
210719221771010050,Thu Jun 07 13:05:52 +0000 2012,@ladystarlightny @ladygaga I brought you some tea tonight Starlight - sorry I couldn't get it to you. :)
210688259645390848,Thu Jun 07 11:02:50 +0000 2012,Words cannot explain. #Gaga thank you
210651750233939968,Thu Jun 07 08:37:45 +0000 2012,Gaga is orgasm!
209627705854013441,Mon Jun 04 12:48:34 +0000 2012,"Fun #foreignfilm day with some friends tomorrow, I'll report back if I find any gems worth mentioning."
209627098724319233,Mon Jun 04 12:46:09 +0000 2012,"RT @Queen_UK: No, Gary Barlow, one does not ""want you back for good"". After tonight, one does not want you back at all, come to think of it."
209626842120986625,Mon Jun 04 12:45:08 +0000 2012,RT @GauteHHansen: RIP Eduard Khil: Vår alles troll. http://t.co/uRnX3rTU
209626067995078657,Mon Jun 04 12:42:03 +0000 2012,RT @JRhodesPianist: Clearly a hell of a night for her majesty... The morning after: http://t.co/VVCDsUon
209053872524763137,Sat Jun 02 22:48:21 +0000 2012,The drunkards outside my window last night did real damage. The rubbish collection area is a horrible destroyed mess. :/
208905264957624320,Sat Jun 02 12:57:51 +0000 2012,"To those wondering, it was dilmah's earl grey, I normally go for twinings', but never again. Clear winner here."
208904715596087297,Sat Jun 02 12:55:40 +0000 2012,"Today's feeble accomplishments: bought a new #tea, found it to be a worthy purchase. #beingboring"
208904055165161472,Sat Jun 02 12:53:02 +0000 2012,"@Chinlovesyou RT ""i thin oh funy"" the unwelcome reminder I've gone to bed early and aren't having alcohol fueled fun."
208902161520791553,Sat Jun 02 12:45:31 +0000 2012,Managed 40 pages of an #Chinese #history reading today before giving up. Why are my courses so uninteresting?
208901337616887808,Sat Jun 02 12:42:14 +0000 2012,Too often are there jackhammers going off outside my window..
208645426197434368,Fri Jun 01 19:45:20 +0000 2012,I'm yet to check twitter but I'm hoping I didn't post anything too strange last night.
208474141924409345,Fri Jun 01 08:24:43 +0000 2012,Being the most on twittest goes to @zeniakumar
208371014588055554,Fri Jun 01 01:34:55 +0000 2012,My new kindle made it to Auckland from China in 2 days. It'l apparently take a further 20 to make across town to me. #really
208169654651326465,Thu May 31 12:14:47 +0000 2012,"As far I know, twitter is now working on my phone? Oh this could be the start of something grand!"
207823520124764160,Wed May 30 13:19:23 +0000 2012,RT @ChrisRWhiting: @AlanCarr Is this you in drag on Pointless? You've ignored my last tweets and I think you're hiding something ;) http ...
207476043597086721,Tue May 29 14:18:38 +0000 2012,"I'm getting up early in search of #porridge. I'm not really a fan, but it's amazing what peer pressure can do to you #oatsyesplease #pascool"
207093683609272320,Mon May 28 12:59:16 +0000 2012,On a quick side note: I had a lovely malaysian meal made for me tonight at @JennyMcDT 's house. #ateyoufeelingluckypunk #iam
207092936813457408,Mon May 28 12:56:18 +0000 2012,8 o'clock start tomorrow - it WILL be productive day with plenty of study! #ifonly #whycantidothat
206742870777016320,Sun May 27 13:45:16 +0000 2012,Beleiving we're graced with a three day weekend next weekend? #ithinkso #ohgoodie
206742346958782464,Sun May 27 13:43:11 +0000 2012,I'm planing to postpone my birthday for around a month this year. Much like my study plans #whoneedsgrades #ido
205284331877445632,Wed May 23 13:09:33 +0000 2012,"1 in the morning, mid-week, and someone's using a jackhammer outside window... #really"
203822010923618304,Sat May 19 12:18:48 +0000 2012,"http://t.co/1Y8N1WdRPlease read Lyd's lovely, heartfelt words. She's beautiful, wonderful &amp; everythng else tht accompanies a honest friend."
203662042853408768,Sat May 19 01:43:09 +0000 2012,"Finally getting 'round to my prescribed reading on Chinese sexualities. God, I take weird courses. #uoa #china #sex"
200534813004922880,Thu May 10 10:36:39 +0000 2012,Arse-mothering-tit-shitters! Why do I forever find myself in these 'drink all the flucking tea I can and finish my assignment' dilemmas?
198780663355285504,Sat May 05 14:26:17 +0000 2012,"When you have 2 take yourself 2the candy shop, alone, you know life isn't going as excitingly as it should be #alone&amp;fullofcandy #notarapper"
198422253627645952,Fri May 04 14:42:06 +0000 2012,"RT @stephenfry: Rather emotional visit to Riddles Court, where I performed at the Fringe in 79 &amp; 80. Stood on the spot where Emma in ..."
197892951488208897,Thu May 03 03:38:50 +0000 2012,And assignment = done! #omfgimsohappythatsover
197834218619940864,Wed May 02 23:45:27 +0000 2012,Not the most ergonomic way to write an essay. #andyesmyscreenison http://t.co/9AkHaa1i
197827511512600577,Wed May 02 23:18:48 +0000 2012,The fear of repeating university's possible most useless course is growing. Less than 3hrs now and still 600 words to go. #business101
197787798575648768,Wed May 02 20:41:00 +0000 2012,Got up at 7:30 this morning to start/finish an essay I've had a month to do. It's due today at 3 #evertheorganised
196940987388526592,Mon Apr 30 12:36:05 +0000 2012,"@chinlovesyou well hello, I need to sleep. I have an 8am start tomorrow, but I've spilt sour worms in my bed &amp; now there's sugar everywhere."
196938623583662081,Mon Apr 30 12:26:41 +0000 2012,One if my lectures today covered some people's need for sexual involvement with shoes #frightening #maybe
196937656138072064,Mon Apr 30 12:22:50 +0000 2012,"Eurgh, this is truly the week from hell, why do they put all the due dates at the same time - then again I have had a month to do them #shit"
196620056199839744,Sun Apr 29 15:20:49 +0000 2012,RT @jakebley: I wore a big woolen cardigan out clubbing tonight. #noregrets
196618903684788225,Sun Apr 29 15:16:14 +0000 2012,Haha my stats assignment is finally over and done with. 3am and I can at last sleep. 5 hours 'till tomorrow's first lecture #poorlyorganised
196229201236475905,Sat Apr 28 13:27:41 +0000 2012,RT @Deserve: The aim of life is self-development. To realize one's nature perfectly - that is what each of us is here for.  -   Oscar Wilde
196103120416288768,Sat Apr 28 05:06:41 +0000 2012,My stats assignment is to count letters and words in a book. Great to see these outrageous course fees are going towards quality education
195859114935582720,Fri Apr 27 12:57:06 +0000 2012,"RT @JRhodesPianist: Bored with fiction now, so I'm going to start reading about the lives of others. Guess that makes me bio-curious..."
195468182788653057,Thu Apr 26 11:03:41 +0000 2012,@AlanCarr Alan! Are you doing a fan meet up for autographs and photos while you're in Auckland?! I can pay you with cheap alcohol! #please
195278578684923904,Wed Apr 25 22:30:15 +0000 2012,"Well arse, I'm sick, at least it isn't exam/assignment season. Oh wait…"
195134029970944001,Wed Apr 25 12:55:52 +0000 2012,"Looking out my window at the beautiful blurred lights of city. Life without glasses wouldn't be practical, but tonight I see the merit #blur"
195132656176988160,Wed Apr 25 12:50:25 +0000 2012,Oh lord no. I fear the beginnings of a cold. Stocking up of the vitamins tomorrow then. #shitimsick #cold #winter
195131442920038400,Wed Apr 25 12:45:36 +0000 2012,RT @JRhodesPianist: Go on Jesus. Give us another one! http://t.co/KxKR2NGF
194875484025266176,Tue Apr 24 19:48:30 +0000 2012,Just got back from dawn service at the  Auckland Museum #anzacday #anzac #Auckland I'm so shattered - off to bed for another few hours sleep
194873376874037248,Tue Apr 24 19:40:08 +0000 2012,So busy recently. Went the midnight screening of #Avengers last night. Then managed 1.5 hrs of sleep before get up again.
193172777224781824,Fri Apr 20 03:02:33 +0000 2012,"If you could dye a sheep any colour, which would it be? #sheep #bungyjumping"
192946462852780035,Thu Apr 19 12:03:16 +0000 2012,Everyone should read 'The Machine Stops' - free reading online too. #reading #shortstories
192945312401338368,Thu Apr 19 11:58:41 +0000 2012,RT @Queen_UK: Ones gonna go out and let oneself get absolutely soaking wet! One's reigning men yeah!
192944930228936704,Thu Apr 19 11:57:10 +0000 2012,"RT @Queen_UK: One's reigning men, hallelujah! One's reigning men, amen!"
192476310520594432,Wed Apr 18 04:55:03 +0000 2012,"Managed to spend 2 hrs at the Korean embassy in Auckland today. Watched TV I didn't understand, admired Samsung everything. #funtimes #korea"
192456156021669888,Wed Apr 18 03:34:57 +0000 2012,A member of the kitchen staff keeps telling me I should be a model. I don't know what to say to that. #awkwardflattery
191690623345098752,Mon Apr 16 00:53:00 +0000 2012,"RT @stephenfry: Holy moly what a farewell party to the Hobbit, Wellington & NZ. I mixed pinot noir, Jägermeister, blue agave tequila, gi ..."
191418346070216704,Sun Apr 15 06:51:04 +0000 2012,"@zeniakumar Tuesday! Or as they say, 'the day after tomorrow'. :)"
191417444009652224,Sun Apr 15 06:47:29 +0000 2012,@zeniakumar you too! When're you heading back?
191410219526533122,Sun Apr 15 06:18:47 +0000 2012,When Dad makes awkwardly orgasmic noises to describe how good food takes.  #frightening
191316196308697089,Sun Apr 15 00:05:10 +0000 2012,RT @Queen_UK: On the gin.
191300404187906048,Sat Apr 14 23:02:25 +0000 2012,"RT @HelenMaryPye: This its what wakes me up every morning, a cat on my chest!  http://t.co/nC4c0vyx"
191140903166029825,Sat Apr 14 12:28:37 +0000 2012,RT @wossy: I have a strange urge to watch Sapphire and Steel.
191116590476046336,Sat Apr 14 10:52:00 +0000 2012,#AlanRickman on Maori TV tonight. I welcomed surprise when I walk in the door. #ohhesgood #soverygood
190755669018820608,Fri Apr 13 10:57:50 +0000 2012,Just turning my old psp into a glorified OS flash-installer! #lame #nerdfighter
190755161679998976,Fri Apr 13 10:55:49 +0000 2012,RT @tamati_coffey: just went jersey boys at the civic tonight. was pretty much fecking awesome. go. its of international standard. loved ...
190754939302199296,Fri Apr 13 10:54:56 +0000 2012,"RT @GauteHHansen: Fredag den 13? nei nei, det må være noe feil her."
190046082636591104,Wed Apr 11 11:58:11 +0000 2012,"Why do I hate buses so much? The sniffling, dried snot faced  voyeur across the aisle. Please Lord, don't talk to me. #buses"
188951440037916672,Sun Apr 08 11:28:28 +0000 2012,I think this is my first pre-midnight bedtime since uni started. I'm rather excited. #shouldntbeontwitter
188785896676528128,Sun Apr 08 00:30:41 +0000 2012,Father's lovely easter robes. Don't have the heart to tell him he's not Jesus. http://t.co/bXNT0ASx
188563642881556480,Sat Apr 07 09:47:31 +0000 2012,The Easter Bunny seems to have replaced egg laying with just gifting me his multi-coloured balls! Still lovely though. http://t.co/HkmOPSo5
178325539013140481,Sat Mar 10 03:44:56 +0000 2012,"@HelenMaryPye Sorry! I'm so useless. It's been ready since before Christmas, I keep forgetting to tell you. It's on Maleme St. I'll text you"
176269597987717120,Sun Mar 04 11:35:21 +0000 2012,#Fitness is coming. I'm off to some type of exercise centre tomorrow. Apparently known as a ' #Gym' by its attendees. Forecast: #Failure.
173385352051036160,Sat Feb 25 12:34:23 +0000 2012,Having brunch with Los flatos y las flatas tomorrow #makingupwords
173384996550225921,Sat Feb 25 12:32:59 +0000 2012,Wifi in the new place is finally sorted out. With the pleasant surprise of 50 follows. Horrah.
169744829025222656,Wed Feb 15 11:28:15 +0000 2012,"RT @stephenfry: Oh, look what the divine @KathyLette found. How religion is like a penis.  http://t.co/FqGHikZ7"
169562106566410240,Tue Feb 14 23:22:11 +0000 2012,I love when it rains like this.
169527331818450945,Tue Feb 14 21:04:00 +0000 2012,@stephenfry You're welcome to come to tea chez nous anytime during your time in NZ! It'd be like the Queen visiting (but oh-so-much better).
168304963024453632,Sat Feb 11 12:06:44 +0000 2012,RT @esthericky: COOOOooooooOOOOOOkies
167944720704741376,Fri Feb 10 12:15:16 +0000 2012,I'm doing occasional stretching as to not cause injury...from #knitting
167938487792840704,Fri Feb 10 11:50:30 +0000 2012,Pulling an all-knitting-nighter to finish Lyd's present. I'm so not in the mood #whenknittingbecomesachore #tired
167394596937142273,Wed Feb 08 23:49:16 +0000 2012,That eclair disappeared far too quickly..
167393586084708353,Wed Feb 08 23:45:15 +0000 2012,Chocolate eclair for after lunch desert! ^^
167213912553553921,Wed Feb 08 11:51:18 +0000 2012,@HugMeIn ni shi bu shi zhongguo ren?
167212866150211584,Wed Feb 08 11:47:08 +0000 2012,@Kim_Dot_Com I always thought you seemed like a better guy than people are making out. Two minutes on your twitter and now I know you are :)
166493614652932097,Mon Feb 06 12:09:05 +0000 2012,So I spent all night getting my Valentine's outfit sorted... Now I just need a date. #foreveralone
166134118378246145,Sun Feb 05 12:20:35 +0000 2012,@davidfarrier you went to #BethlehemCollege ? Holy hell it's a small world.
166133761916928000,Sun Feb 05 12:19:10 +0000 2012,@HelenMaryPye Thought it might have been a bit like that. Seemed pretty cool but as you say 'meh'.
165393774028132352,Fri Feb 03 11:18:43 +0000 2012,@Brodhe ha! Comment ça que tu n'as presque rien comme cours!?
165392997456953344,Fri Feb 03 11:15:38 +0000 2012,"@grk17 how'd you manage to get @tamati_coffey to follow you? Ha, some people have all the luck."
164671087647522817,Wed Feb 01 11:27:01 +0000 2012,@idodrent Mum says she talked to you today in a men's clothes shop and made a huge fool of herself. She's a nice lady really.
164669578180440065,Wed Feb 01 11:21:01 +0000 2012,"RT @BillBailey: Aurora Borealis, near Tromsø..Arctic Norway. 28/1/12 http://t.co/PzsJ5psV"
164669259010678784,Wed Feb 01 11:19:45 +0000 2012,Was the first day of #blackhistorymonth today. My already 40 minute read on the subject could easy grow and force bedtime back. #interesting
164311339559436288,Tue Jan 31 11:37:30 +0000 2012,Watched 'Yi yi' this evening. Was really amazing. No wonder it won everything it did in Cannes'.
162986865350283264,Fri Jan 27 19:54:31 +0000 2012,"RT @ScreamingEgg: @rickygervais my girlfriend found this and I instantly thought of you, I mean this in the best possible way of course. ..."
162849853548933120,Fri Jan 27 10:50:05 +0000 2012,Just posted 'Mirror Man' by Human League. Click here to listen http://t.co/KVythTtk
162841534084038656,Fri Jan 27 10:17:01 +0000 2012,Come On Eileen.
162700443108114432,Fri Jan 27 00:56:23 +0000 2012,Yay rain! Seems my Summer grinch-ness is working out after all. :)
162686313986928640,Fri Jan 27 00:00:14 +0000 2012,"Apparently I'm not wear trousers today, as it's 1pm and I'm yet to put any on. #dayathome"
162339772084387840,Thu Jan 26 01:03:12 +0000 2012,Is it too hot to go for a walk?#weather
162331583460802560,Thu Jan 26 00:30:40 +0000 2012,"God, I can make a tasty meal. ^0^"
162326895994736640,Thu Jan 26 00:12:02 +0000 2012,Our coffee machine has a cups-made minimum of 4. I'm home alone w/ no one to help me drink them. I guess I'm soon to be very hyper.
162324686020165634,Thu Jan 26 00:03:15 +0000 2012,"Well, it's lunch-cooking time. Which will be followed by spilling-lunch-on-book time. #bookaddiction."
162324322604695552,Thu Jan 26 00:01:49 +0000 2012,SO @studylink told me I have to wait another 2 weeks minimum. Oh balls.
162319517488394241,Wed Jan 25 23:42:43 +0000 2012,You know you've been on hold a long time when the hold music starts to repeat it's loop… AAHHRHRRHH!
162318440303046656,Wed Jan 25 23:38:26 +0000 2012,I swear I call these people every three days. Almost my friends :( Ha.
162318284191051776,Wed Jan 25 23:37:49 +0000 2012,still on hold… #studylink
162132486648893440,Wed Jan 25 11:19:31 +0000 2012,*bed
162132456143716352,Wed Jan 25 11:19:24 +0000 2012,Breadtime! And then off the bread.
162118828665470976,Wed Jan 25 10:25:15 +0000 2012,Lame! Ending was lame!
162116822617960448,Wed Jan 25 10:17:17 +0000 2012,Soundtrack's actually so good. #againstthecurrent
162115685210796032,Wed Jan 25 10:12:45 +0000 2012,This movie is sloooww... but I have my fluffy friend on my lap so all is well! #cats #cats #cats
162106036868747264,Wed Jan 25 09:34:25 +0000 2012,An evening with the cat and pear drops. Purrrfect ^0^
162103757222588416,Wed Jan 25 09:25:22 +0000 2012,Watching Against the Current. Beautiful soundtrack. #againstthecurrent #score
162103440040923136,Wed Jan 25 09:24:06 +0000 2012,@HelenMaryPye wasn't that late was it?
162083464118677504,Wed Jan 25 08:04:43 +0000 2012,Dancing to depeche mode with my cat ^_____^*~~
162077672531439616,Wed Jan 25 07:41:43 +0000 2012,My Macbook Air Superdrive arrived. It's iTunes updating time :{)
162044205005414400,Wed Jan 25 05:28:43 +0000 2012,I'm enrolled! #university
161783617062838272,Tue Jan 24 12:13:14 +0000 2012,"To do for tomorrow: Call studylink again and piss them off - again. 'Yes it's me - again"". They really are pretty useless."
161779995834974208,Tue Jan 24 11:58:51 +0000 2012,FInally starting to understand this course enrollment business. I think it all should come together tomorrow.
160704134390087680,Sat Jan 21 12:43:46 +0000 2012,http://t.co/w1dodpz9 follow me on my new writing expedition. :)
160680235673714688,Sat Jan 21 11:08:48 +0000 2012,@liamwright7 Definitely. Are you going to Charlottes?
160670931151372288,Sat Jan 21 10:31:49 +0000 2012,"@liamwright7 Haha, nope not TGA town. Auckland though. And plenty in France. :)"
159980291585343488,Thu Jan 19 12:47:28 +0000 2012,Been writing a lot more recently. I should put something explaining a bit more up tomorrow. http://t.co/AN6eFmld
159979111656329216,Thu Jan 19 12:42:47 +0000 2012,Apologise again for my lacking twitter presence. My new computer's been taking its time to set up. Not that I could ever be angry with it :P
159201011230179328,Tue Jan 17 09:10:53 +0000 2012,I can't express my immense love for this machine. #macbookair13 I feel like a royal. No excuse for failure this year I suppose. :)
159118017815511041,Tue Jan 17 03:41:06 +0000 2012,Off to pick up something special. :D #apple
159021097562550272,Mon Jan 16 21:15:58 +0000 2012,"On my way to work and income again... Why wont anyone hire me? I'm nice, I promise."
158865623223513088,Mon Jan 16 10:58:10 +0000 2012,@HelenMaryPye Summer just isn't my season I'm afraid. I like jumpers and heaters and roast dinners. Ha
158861886627135489,Mon Jan 16 10:43:19 +0000 2012,"“@TVNZNews: An incoming high is set to intensify tomorrow. To find out more click here. http://t.co/4WyAGikF” Wonderful, just what I need..."
158861347948466176,Mon Jan 16 10:41:11 +0000 2012,"Fan by bed, window a jar, t-shirt on floor. I should be okay right? #heat"
158859820248735744,Mon Jan 16 10:35:07 +0000 2012,"Preparing for another 'covers on, covers off, covers on, covers off' type night. Not ideal with a six o'clock start tomorrow."
158706926362963968,Mon Jan 16 00:27:34 +0000 2012,RT @MsAngelaBeswick: @davidfarrier Why is the girl on your Twitter background eating kittehs?
158126194049564673,Sat Jan 14 09:59:57 +0000 2012,"@DonnaAchmadi haha, you're like an hour from my house."
157991601367547906,Sat Jan 14 01:05:07 +0000 2012,RT @davidfarrier: shit homophobic people say (no acting or writing required): http://t.co/Q6G87MdR
157990959580332034,Sat Jan 14 01:02:34 +0000 2012,Love big crude leather shoelaces.
157403344342745088,Thu Jan 12 10:07:36 +0000 2012,"@DonnaAchmadi Hey, welcome to our neat little country. You should definitely come visit the Tauranga/Mount Maunganui region (chez moi)"
157400680066322432,Thu Jan 12 09:57:01 +0000 2012,A job interview via the Internet sounded like a good idea until a slight typo made me sound like a disgusting dirty pervert.
157398784303828992,Thu Jan 12 09:49:29 +0000 2012,@liamwright7 What? Those #ncea people are terrible. You should definitely ask for reconsideration.
157224572465332224,Wed Jan 11 22:17:13 +0000 2012,Well there we go! I may have only been at school during the final 12 weeks of the academic year. But I'm off to Uni! #ncea #ncearesults
157056121553694720,Wed Jan 11 11:07:51 +0000 2012,"Yes, I did hand my CV into other places too. It seems a fairly regular thing to hand it in and then hear nothing. Humph... #woeisme"
157055505221689345,Wed Jan 11 11:05:25 +0000 2012,Popped my CV into the cheesecake shop. My love of all things sweet/all things edible could make stock magically disappear from shelves.
157054668231544832,Wed Jan 11 11:02:05 +0000 2012,Still waiting on @NCEAexams results. Could tomorrow be our big day? :/
155518844721561600,Sat Jan 07 05:19:16 +0000 2012,I could forever listen to Bertrand Russell.
154515863670767616,Wed Jan 04 10:53:47 +0000 2012,RT @rickygervais: “@edancollett: @jamiesouthgate  that sounds slightly sexual if you ask me...”Surely not..... http://t.co/iTN0ONEQ
154173583093010433,Tue Jan 03 12:13:41 +0000 2012,"#Twitition Permanently Ban ""GodsWordIsLaw"" From Twitter http://t.co/Ogq3lVKM"
154172478107811840,Tue Jan 03 12:09:17 +0000 2012,"Good Lord, that soft rain outside my window is peaceful tonight."
153836787591168000,Mon Jan 02 13:55:22 +0000 2012,Really? Really? It's 3am. I shouldn't be awake enough to be on twitter. I shouldn't be awake at all!
153777742129795072,Mon Jan 02 10:00:45 +0000 2012,Holy Jesus that was a tasty piece of Christmas Cake!
153287411944792064,Sun Jan 01 01:32:21 +0000 2012,No one seems to enter the new year in particularly energetic way do they? I swear January 1st must be the laziest day of the year.
152725021360529408,Fri Dec 30 12:17:37 +0000 2011,I've made a mini-bedfort in my room - And yes I'm alone. I don't care how sad my make-shift book reading sanctuary is. It's cosy. #weird
152554405374337024,Fri Dec 30 00:59:39 +0000 2011,M83 and my new Mark Haddon. Nice inside day it would seem.
151770666113318912,Tue Dec 27 21:05:21 +0000 2011,Waking up to Indian chants being belted out by the neighbours. It's actually really peaceful. #cultures #India
151617389962858496,Tue Dec 27 10:56:17 +0000 2011,"Back in my bed, off the floor. Family have gone and I suppose one could say Christmas has started his departure from the Shillitos'. #done"
150723731243802624,Sat Dec 24 23:45:12 +0000 2011,XMAS UPDATE: I'm starting to wonder whether or not I'm even going to open any presents. Grandparents have now arrived though.
150688826195582976,Sat Dec 24 21:26:30 +0000 2011,XMAS UPDATE: 'twas actually croissant and bacon! Lovely. Now we're just waiting on the other guests to arrive before pressie opening!
150677498785566722,Sat Dec 24 20:41:29 +0000 2011,"XMAS UPDATE: Pressies so far - toothbrush holder, packet of raisins, chocolates/m&ms. Now 'tis breakfast time (bacon, eggs, etc) #bonheur"
150500303593156608,Sat Dec 24 08:57:23 +0000 2011,There's a DJ staying at my house! And I'm beating him at doodlejump! #doodlejump #DJ
150179773870653440,Fri Dec 23 11:43:42 +0000 2011,"So everyone arrives tomorrow in prep. for the big day! (or rather today). Food and Christmas alcohol, here we come! #Christmasfood #family"
149775674058604544,Thu Dec 22 08:57:58 +0000 2011,"@UrchForce God, so true - couldn't understand a thing."
149428982251663361,Wed Dec 21 10:00:20 +0000 2011,@HelenMaryPye I hope you mean you're not hungry and not that you're feeling stink. You're awesome Helen and we love you! #awesomepeople
149230883394682880,Tue Dec 20 20:53:09 +0000 2011,"Sitting at Lydia's - She's in bed. Not that that bothers me, I've got TV and two seasons of Original Disney Adventures. :3"
148685404789420032,Mon Dec 19 08:45:37 +0000 2011,Presents are starting to cover the area beneath the tree! #festivities #Christmas
148369886719119361,Sun Dec 18 11:51:52 +0000 2011,"Yay, new phone day! #new #Christmas #vodafoneNZ"
148174665687384064,Sat Dec 17 22:56:07 +0000 2011,"Finally got my new shelf up on the wall of my room, my tabled book mountains can finally be organised. #beingorganised #hurrah"
148148187843133441,Sat Dec 17 21:10:55 +0000 2011,Watching Black Swan (in English this time)
148147999577616384,Sat Dec 17 21:10:10 +0000 2011,@samojbee Well that was disappointing. :L
147649315148541952,Fri Dec 16 12:08:34 +0000 2011,Goodnight world! Time to make the most of this fudging weekend before the relatives start their annual Xmas squatting. #christmasalready
147648619493867522,Fri Dec 16 12:05:48 +0000 2011,I'm confused. Are you @Amypricew or @ShameyValentine ?
147646507049418753,Fri Dec 16 11:57:25 +0000 2011,@Amypricew missed out on seeing you today! When can we meet up? #sadface
147583870122995712,Fri Dec 16 07:48:31 +0000 2011,"Well the soup was delicious, here's my tumblr post about it w/ recipe. http://t.co/ucQkUKd9"
147544370965512192,Fri Dec 16 05:11:33 +0000 2011,"Home alone tonight so I'm taking the opportunity to cook some spinach, tomato and lentil soup. On the simmer now. #cooking #soup"
147257537559924736,Thu Dec 15 10:11:47 +0000 2011,"Wearing Harem pants, listening to Florence + the machines and eating aniseed balls. #strangecombinations #harempants"
146896112756854784,Wed Dec 14 10:15:37 +0000 2011,Watching The Disappearance of Alice Creed - 'tis actually pretty good so far.
146833560144330755,Wed Dec 14 06:07:03 +0000 2011,Dinner's straight from the veggie-patch this evening! Woo! so rewarding. #gardening
146740155271741441,Tue Dec 13 23:55:53 +0000 2011,Had a bloked ear all morning :L
146545272967802880,Tue Dec 13 11:01:30 +0000 2011,Just got offered full MS Office brand new for $10 chachang! #cheapstuff
146544681877123074,Tue Dec 13 10:59:09 +0000 2011,"I'll try get another 2 wordy post on tumblr before the end of the week. You know, the life pondering sort. http://t.co/xSKZv6cK"
146386030109523970,Tue Dec 13 00:28:43 +0000 2011,"Sorry I haven't been particularly twitter-present recently, I've had job/uni/santa related business to attend to. #imback"
144026881056980992,Tue Dec 06 12:14:18 +0000 2011,"I really should be asleep by now it's 1:12, but I'm installing the yogbox 1.0.0 #yogscast #yogbox"
143651570809180161,Mon Dec 05 11:22:58 +0000 2011,Please help me on my next book choice. #everyone
143651408065998848,Mon Dec 05 11:22:19 +0000 2011,I've been up since 6:30 this morning (or technically yesterday morning) and I'm still not tired... #insomnia
143588709281968129,Mon Dec 05 07:13:10 +0000 2011,"@HelenMaryPye will do, don't imagine he would mind too much - I'll ask and if it's possible I can send it down to Dunedin when you're done."
143494886388281346,Mon Dec 05 01:00:21 +0000 2011,"Someone just rang my doorbell, but when I answered the door they must've been invisible 'cause I couldn't see them :( #spooky"
143470284383584256,Sun Dec 04 23:22:36 +0000 2011,"@HelenMaryPye @stephenfry 's 'The Liar' 'tis really good - final chapter left! Would let you borrow it, but it's @captainlolalot 's (Larry)"
143469268103733249,Sun Dec 04 23:18:33 +0000 2011,@RosieKeddell Get well soon poo face!
143415057244618752,Sun Dec 04 19:43:08 +0000 2011,Treasure trove of exciting old shoes in my wardrobe this morning :3 one pair is even summer suitable. #shoes #summer #surprise
143395717136916480,Sun Dec 04 18:26:17 +0000 2011,Up early watching #rugrats I managed 4 hours sleep last night not too bad.
143183008101449728,Sun Dec 04 04:21:04 +0000 2011,Making dinner while desperately trying to finish the last two chapters of this book. #impendingdoom
143146259534974976,Sun Dec 04 01:55:02 +0000 2011,Off to get photos taken for uni apps. Perfect time to wake up with the vexing upper lip pimple. #stillateenager
142936304638894080,Sat Dec 03 12:00:45 +0000 2011,"Sometimes I have to edit my tweets so much to fit the allowed characters, I'm sure they don't even make sense anymore. #toomuchtosay"
142935854934011904,Sat Dec 03 11:58:58 +0000 2011,"Should tweet all night, bt my no-sleep-reading phase isn't lettin up n reading's abt all I do n it's nt really interestin enough 4 twitter"
142568832588984320,Fri Dec 02 11:40:33 +0000 2011,"Sorry I've been a little twitter absent the last 2 days (Internet issues). But I'm back now, just in time for some midnight reading :3"
141840868964450305,Wed Nov 30 11:27:53 +0000 2011,"@HelenMaryPye, don't worry about the weight! You're doing great and looked lovely tonight! Good weeks and bad weeks, it happens! :)"
141821780150067200,Wed Nov 30 10:12:01 +0000 2011,"So Bethlehem College gave me my end of schooling certificate, congratulating me on my FOUR MONTHS of schooling! What? That's not right..."
141459770182864896,Tue Nov 29 10:13:32 +0000 2011,Exams are now well and truly finished. Not really sure what to do now. The usual 10 hr ceiling watch all night I suppose. #notsleeping
141074436580319232,Mon Nov 28 08:42:21 +0000 2011,@HelenMaryPye I would but I still haven't finished exams! Ahhh!
141071652946587648,Mon Nov 28 08:31:17 +0000 2011,"Had electrodes wired up all over my chest today at the docs'. They said it's probably stress, but have to go back in a week's time. #heart"
140875084431753216,Sun Nov 27 19:30:12 +0000 2011,Off to today's exam and it's not even my last one... #howdoesthisevenhappen
140622112384753664,Sun Nov 27 02:44:58 +0000 2011,"Just got back from coffee with Kallie, French study is so nice and cruisey - tonight is French movie night."
140401994878812160,Sat Nov 26 12:10:18 +0000 2011,"1am? Who new politics could keep me awake so late? Not dissimilar to the celebrations of certain politicians tonight, no doubt. #verdict"
140292164709134336,Sat Nov 26 04:53:53 +0000 2011,"@HelenMaryPye It's more to do with the migraney, chest painy business I'm dealing with atm. Off for some doctoring on Monday afternoon. :/"
140229563530747904,Sat Nov 26 00:45:07 +0000 2011,"Done! #votenz And had a nice walk with mum on the way, where she told me I'm looking sickly white... Thanks. #beingsubtlyrude"
140219359804133377,Sat Nov 26 00:04:35 +0000 2011,On my way down to the votingy place. :) Really hoping it won't take too long.
140018554874511361,Fri Nov 25 10:46:39 +0000 2011,Am I really that lame? mmm... #sadclownsyndrome
139860080542752768,Fri Nov 25 00:16:56 +0000 2011,Charlotte just asked if a deserter is a man who makes desserts... #simplefriends
139649182133792768,Thu Nov 24 10:18:54 +0000 2011,Eventful evening. Let's jst say I learnt smth that I actually already knew. You're brilliant n amazing. You know who you are. I do too now.
139593364743004161,Thu Nov 24 06:37:06 +0000 2011,"@Amypricew ""je te donne les 'big ups'"" as the French would say, I give you the big ups - Congratz yo!"
139583618069696512,Thu Nov 24 05:58:22 +0000 2011,"Enjoying dinner with the grandparents, mater and pater. On tonight's dinner table curry and politics. #votenz"
139558782484226048,Thu Nov 24 04:19:41 +0000 2011,Terrible migraine again and chest pain is back. Not great on the eve of tomorrow's exam. And a further 2 more exams looming after that.
139526213273255936,Thu Nov 24 02:10:16 +0000 2011,"Dad just called me a vagina, not really sure how to feel about that... #parents"
139468673202126848,Wed Nov 23 22:21:37 +0000 2011,不好 不好 - AAH. Just realised I may need to take a Chinese Language Competency test before the start of uni next year... &gt;___&lt;#
139454057529081856,Wed Nov 23 21:23:32 +0000 2011,Dad's playing #bigaudiodynamite at a volume just loud enough to be heard throughout the house. (Actually quite enjoying it)
139432801194885120,Wed Nov 23 19:59:04 +0000 2011,RT @tamati_coffey: @clothingboy Na. Don't worry bout the weather mate. It's all about the breakfast and the smile you deliver it with!
139421085228736515,Wed Nov 23 19:12:31 +0000 2011,Weather's not looking to great for Dad's birthday. Watching @tamati_coffey as I'm cooking Dad's bday breakfast :D
139414331489140737,Wed Nov 23 18:45:41 +0000 2011,"Somehow I'm already awake, showered and now I'm coffeeing and breakfasting. Could today actually be productive? #strange"
139122127168217088,Tue Nov 22 23:24:34 +0000 2011,Just potted my seedlings into their first individual pots (or egg cartons). Now I need to clean the triumphant mess I've made on the patio.
138939640546729984,Tue Nov 22 11:19:26 +0000 2011,Golly I really need to start going to bed on the same day as I wake up instead of waking up the same day as I go to sleep. Goodnight!
138911346665324545,Tue Nov 22 09:27:00 +0000 2011,Watching #Burlesque - Cher is an awesome woman!
138906974002749441,Tue Nov 22 09:09:38 +0000 2011,Mum just suggested I DON'T remove the spider that fell into my tea as it would add extra 'umph'
138854401208094720,Tue Nov 22 05:40:43 +0000 2011,Just slept for like 2.5hrs still have a terrible headache - pray this isn't my summer migrane season. :(
138821774757466113,Tue Nov 22 03:31:04 +0000 2011,Terrible intermittent headaches = worst day/didn't accomplish anything.
138766160677191681,Mon Nov 21 23:50:05 +0000 2011,Potato salad and #jeremykyle #daytimetelevision
138558026385862656,Mon Nov 21 10:03:02 +0000 2011,Attempted tanning today. Unfortunately twas arsemotheringly windy & reading my book wasn't too easy. Why can't I do things like every1 else?
138443639956312065,Mon Nov 21 02:28:30 +0000 2011,Just dripped a grape and it rolled under the fridge... Aaah!
138192608710238208,Sun Nov 20 09:51:00 +0000 2011,My dessert bowl is surprisingly floral tonight.
137869296524206080,Sat Nov 19 12:26:16 +0000 2011,1:23 seems like a nice time to be off to 'beddies'. Batman summer bed clothes are brilliant.
137858149670600704,Sat Nov 19 11:41:58 +0000 2011,Why aren't I in bed yet... This movie is boring and I'm tired. Perhaps trying out my new/old batman bed covers is the way to go?
137758644564533250,Sat Nov 19 05:06:34 +0000 2011,Home alone all night. #bored
137652899391090688,Fri Nov 18 22:06:23 +0000 2011,Changing my bed covers to the old batman one I used to have when I was little! #childhood
137650597309583360,Fri Nov 18 21:57:14 +0000 2011,Minecraft is out! #Minecraft
137639556458614784,Fri Nov 18 21:13:22 +0000 2011,Omg omg omg It's starting!!!!
137625690408357888,Fri Nov 18 20:18:16 +0000 2011,Wow so many twitter updates since I went to bed and only 45mins until Notch's keynote speech. Quick get up and shower time I suppose.
137484361367953408,Fri Nov 18 10:56:40 +0000 2011,Good night! Putting new sheets on tomorrow!
137470528347832320,Fri Nov 18 10:01:42 +0000 2011,@HelenMaryPye You got a new tree!
137470119038304256,Fri Nov 18 10:00:05 +0000 2011,Minecon!!!!!
137456091054346240,Fri Nov 18 09:04:20 +0000 2011,Less than an hour 'til #Minecon !!!
137445362179911681,Fri Nov 18 08:21:42 +0000 2011,Good Lord this film has epic shooty bloody violencey explosiony awesomeness! #thebutcher
137441765866225665,Fri Nov 18 08:07:25 +0000 2011,@Amypricew I'm getting so Christmas-y already!
137440547374759936,Fri Nov 18 08:02:34 +0000 2011,"Classic shoot-'em-up, glass of wine and a slice of pecan tart. Waiting for the release #Minecon"
137391853216608257,Fri Nov 18 04:49:05 +0000 2011,I absolutely hate how slow it takes for sauce to run to the end of an unsqueezable glass sauce bottle. #HPsauce
137386780583395328,Fri Nov 18 04:28:55 +0000 2011,Found me?
137120571128422400,Thu Nov 17 10:51:06 +0000 2011,@captainlolalot couldn't help but smile at that @alancarr @ladygaga thing. Future marriage?
136749512843730944,Wed Nov 16 10:16:39 +0000 2011,@HelenMaryPye Yay! The Shillitos are proud of you too!
136731377927340032,Wed Nov 16 09:04:35 +0000 2011,The diminishing returns of firms involved in the Borgia family heirlooms. Shit! #studytvnowork
129139991526907905,Wed Oct 26 10:19:07 +0000 2011,Sleeping is so much easier when you remember to take off your sock. #bliss
129074798658723840,Wed Oct 26 06:00:04 +0000 2011,I had lovely burritos for dinner. #ilovemymum
128781113949827074,Tue Oct 25 10:33:04 +0000 2011,"@HelenMaryPye same here. I've made into bed, but actually sleeping still isn't happening."
128771950515470336,Tue Oct 25 09:56:40 +0000 2011,"#fromhell Film wasn't too bad, interesting ideas. I should probable get to bed soonish if I've got to be up at 6:30 - grr"
128758124965400576,Tue Oct 25 09:01:43 +0000 2011,"Drinking a liqueur made from honeydew melon. It's euh, different."
128757485304692736,Tue Oct 25 08:59:11 +0000 2011,"Yay, drama bookwork complete. Now watching From Hell on Four."
128730791743209473,Tue Oct 25 07:13:07 +0000 2011,"How did the day just disappear like this, I still need to finish my Drama bookwork! Ah!"
128728869715980288,Tue Oct 25 07:05:28 +0000 2011,Twitter has a noo member? @ebhlinprice Yet another distraction from 'study'.
125030565702402049,Sat Oct 15 02:09:44 +0000 2011,Off to help mum with spending her birthday money at Bayfair!
121558491478503424,Wed Oct 05 12:12:57 +0000 2011,"Finally into bed, and it's not too late I suppose. I should get a bit less than 5 hrs sleep before my 6am wake up. :\"
121529331280396288,Wed Oct 05 10:17:05 +0000 2011,"So I'm not sleeping tonight apparently, I'll be English, Stats and Drama homeworking until sunrise. #notsleeping"
120788227010461696,Mon Oct 03 09:12:12 +0000 2011,"Right, Goodnight then *clicks off bedside lamp*"
120776479905820672,Mon Oct 03 08:25:31 +0000 2011,"Early to bed, early to rise? I've decided to pop off to bed hoping I'll be able to pull myself out of bed tomorrow morning for homework."
106695083616768001,Thu Aug 25 11:51:04 +0000 2011,Off to bed still with the worrying thought of having to talk 'language learning' in assembly tomorrow. I can feel the impending fail...
104525522280775681,Fri Aug 19 12:10:01 +0000 2011,"Bed at last, and knowing I have nothing new to add to the ever growing agenda of HW and missed internals simply makes it all the sweeter."
84023200182321152,Thu Jun 23 22:21:06 +0000 2011,"Exams are over and I'm back at the house - I've only been here 4 days in the last three weeks, is that bad?"
84022844366929920,Thu Jun 23 22:19:41 +0000 2011,"@Amypricew @liamwright7 Thanks for sharing, laughing at Ebhlin is always fun ! Hahah"
79922123447083008,Sun Jun 12 14:44:53 +0000 2011,"@JohnCleese Yesterday I saw your French doppelganger - I asked him if he was John Cleese, he said ""non"". I was mortally disappointed."
79438959461150720,Sat Jun 11 06:44:58 +0000 2011,Hard to franticly pack when my host dad keeps running into my room singing Satisfaction.
79436588190416898,Sat Jun 11 06:35:33 +0000 2011,And I leave in 50mins and still haven't packed for my trip !!
79436394967207936,Sat Jun 11 06:34:47 +0000 2011,"Packing for going home, posting boxes of clothes and a one week long stay on the other side of the country = a floor COVERED with crap."
78576714862690304,Wed Jun 08 21:38:43 +0000 2011,"In the middle of these crazy busy last weeks in France, I've found a few seconds to say - I'm 18 in just thirty minutes time ! Hurray !"
73534622100750336,Wed May 25 23:43:14 +0000 2011,Have finished Skype after 8 hours - a new personal record.
71882888437710849,Sat May 21 10:19:50 +0000 2011,"Oh... Sleeping in until 12 seemed like a good idea, bit now I can't get up."
70167188811689984,Mon May 16 16:42:16 +0000 2011,"Looking forward to regaining that brilliant ability of paying with EFTPOS, having nothing but cash for 8 months rather gets on one's nerves."
69555620516331520,Sun May 15 00:12:06 +0000 2011,"Well goodnight then, off to Cluny tomorrow for a publication what'sit."
69555266428993536,Sun May 15 00:10:42 +0000 2011,"Just realised my last tweet sounded a little strange, trust me it's less unusual than you think - there's a lot of people in this room !"
69554865881366528,Sun May 15 00:09:06 +0000 2011,"Sleeping awkwardly next to some guy this evening, and on twitter... Too full of energy."
69554511332642817,Sun May 15 00:07:42 +0000 2011,@Amypricew nice to see you've resurfaced onto twitter.
68436661247291393,Wed May 11 22:05:46 +0000 2011,My underwear ripped entirely down one side tonight after a race/attack with my host brother. One less pair to wear during the next 8 weeks.
67981021009817600,Tue May 10 15:55:13 +0000 2011,"#Uganda ""Kill the Gays"" bill could be passed in 24 hours-sign this urgent petition to stop it! @alloutorg http://t.co/dYjUIr3"
67693721688354816,Mon May 09 20:53:35 +0000 2011,"Host brother's playing his death metal too loud through these paper thin walls - result, I'm not going to get any sleep tonight."
67335781697597440,Sun May 08 21:11:16 +0000 2011,Awesome.http://t.co/BxWsKPu
67334584139923459,Sun May 08 21:06:30 +0000 2011,The weekends continue to pass me by without me even realising they had really got underway in the first place.
66999928983011329,Sat May 07 22:56:42 +0000 2011,"Found someone sleeping in a bush, I said hello"
66989955473342464,Sat May 07 22:17:04 +0000 2011,Merde split it in my new jersey.
66987813131915264,Sat May 07 22:08:33 +0000 2011,Stepped in mash potatoes on the floor. Damn.
66977950444158976,Sat May 07 21:29:22 +0000 2011,I got a seven so I finally get d'aller pisser là !
66973861144567808,Sat May 07 21:13:07 +0000 2011,Ahha s il boit il vimit ! Le rum l anis et du bière :p
66958071829766144,Sat May 07 20:10:23 +0000 2011,Whoops drunk too mhch
66379489143308288,Fri May 06 05:51:18 +0000 2011,Well today's starting well - after running half way to the bus stop I realised I'd forgotten my sports gear. Guess I'll take the train later
66231521975074817,Thu May 05 20:03:20 +0000 2011,"Had an oral french exam on the poetic works of Boudelaire, 'twas okay ?;^)"
61202744823922689,Thu Apr 21 23:00:46 +0000 2011,Tomorrow night I'll be tweeting from an English speaking country!
60982257984348160,Thu Apr 21 08:24:37 +0000 2011,Got up late. Seems body already knows how tiring today and tomorrow will be. Groan.
60981996876349441,Thu Apr 21 08:23:35 +0000 2011,@Amypricew I'm glad to hear it littlen. And no doubt about it we'll go camping together as soon as it warms up in NZ.
60981629841178624,Thu Apr 21 08:22:08 +0000 2011,@HelenMaryPye @liamwright7 Helen - that is awesome
60818153403465728,Wed Apr 20 21:32:32 +0000 2011,He wasn't that interesting - so I've gone to bed. Until tomorrow world.
60809066972315648,Wed Apr 20 20:56:26 +0000 2011,Watching Barack Obama live at Facebook Live Townhall.
60772963204595712,Wed Apr 20 18:32:58 +0000 2011,Two trains. Sat next to a very strange man. But. I'm back in Genlis. Friday - London.
60665452841541632,Wed Apr 20 11:25:45 +0000 2011,"Lunch was alright but, I'm still in the mood to open a bottle of happiness - Coca Cola, ouvre du bonheur."
60599377592463360,Wed Apr 20 07:03:12 +0000 2011,@HelenMaryPye @amypricew not long now !
60598755220664321,Wed Apr 20 07:00:43 +0000 2011,@HelenMaryPye @amypricew well that's not fair. I want to go camping.
60598453230772224,Wed Apr 20 06:59:31 +0000 2011,Left the window open last night - consequently my neck hurts this morning.
60469443679096832,Tue Apr 19 22:26:53 +0000 2011,@Amypricew all tweeted out?
60465680402751488,Tue Apr 19 22:11:56 +0000 2011,@liamwright7 @helenmarypye Woah Helen! I want to come back and see you sitting on the couch completely incased in that wooly awesomeness.
60464720456593408,Tue Apr 19 22:08:07 +0000 2011,"En plus, aujourd'hui j'ai reçu mes billet pour aller en Angleterre ce vendredi. Je volerai avec Air France - une bonne idée ?"
60462505931194368,Tue Apr 19 21:59:19 +0000 2011,At least I got given a fancy bottle opener/cork screw this evening.
60462070461771776,Tue Apr 19 21:57:35 +0000 2011,"Unusual day - woke up, went to supermarket, horrible migraine, vomited, slept until 3, had late lunch, went to bar."
60461461834706944,Tue Apr 19 21:55:10 +0000 2011,I never end up tweeting the same as NZ.
60111737051037697,Mon Apr 18 22:45:29 +0000 2011,"Well best get off to bed and all, another big day tomorrow - and in side news, my England tickets are now fully booked YAY"
60111091941904385,Mon Apr 18 22:42:55 +0000 2011,"@HelenMaryPye Sure am, now I'm in a rational family with internet access, how did I ever do without it for all this time ?"
60110630656548864,Mon Apr 18 22:41:05 +0000 2011,Drunk a little too much beer with the German before walking it off back to Rachael's. Finished with dinner and wine at a friend's house.
59843825719455745,Mon Apr 18 05:00:54 +0000 2011,"Brilliant, awake in bed ready to start this fresh new day - now just have to actually will myself to get out of this bed..."
59730131081633792,Sun Apr 17 21:29:07 +0000 2011,I went through my entire sock collection today - not kidding don't have a single sock that isn't hole less.
59729504423260160,Sun Apr 17 21:26:38 +0000 2011,Coming back from England a little earlier on the 29th now... Does this mean I'll miss the royal weding? Merde !
59729058589704192,Sun Apr 17 21:24:51 +0000 2011,"Off with the horrible train ride tomorrow morning. 8h18, but at least I'm coming back to Chalon for the next few days."
59728599061766145,Sun Apr 17 21:23:02 +0000 2011,"Well I'm back with the abilities of wifi. Thank God, I can now live a regular life."
18831700187,Sun Jul 18 10:27:09 +0000 2010,"HYPED ""fly high"" by Chandal Hüd on LOOKBOOK.nu: http://lkbk.nu/look/894055"
14214553184,Tue May 18 07:57:36 +0000 2010,"HYPED ""Indian"" by Kerstin Nylander on LOOKBOOK.nu: http://lkbk.nu/look/729723"
14214553177,Tue May 18 07:57:36 +0000 2010,"HYPED ""Made-up Dreams"" by Elle Ribera on LOOKBOOK.nu: http://lkbk.nu/look/728857"
10731890894,Fri Mar 19 17:07:17 +0000 2010,"HYPED ""SS10"" by Edgar Retro Hates Lookbook on LOOKBOOK.nu: http://lkbk.nu/look/562595"
10731886905,Fri Mar 19 17:07:11 +0000 2010,"HYPED ""Other flowers in the garden"" by Diego  Dom ☂ on LOOKBOOK.nu: http://lkbk.nu/look/570317"
10731886208,Fri Mar 19 17:07:11 +0000 2010,"HYPED ""Bye Cold."" by Ramón Mirón (@CurrentBoy) on LOOKBOOK.nu: http://lkbk.nu/look/569931"
10731881020,Fri Mar 19 17:07:03 +0000 2010,"HYPED ""joachimk.se"" by Joachim Kullberg on LOOKBOOK.nu: http://lkbk.nu/look/561607"
10025667785,Fri Mar 05 14:17:24 +0000 2010,"HYPED ""Fitter Happier"" by Melissa Stetten on LOOKBOOK.nu: http://lkbk.nu/look/535293"
8080375240,Fri Jan 22 18:59:43 +0000 2010,"Check out my new look ""Agreeing to the Rules."" on LOOKBOOK.nu: http://lkbk.nu/look/441449"
7878917691,Sun Jan 17 22:16:25 +0000 2010,"damn, my look on lookbook got deleted :("
7852309506,Sun Jan 17 04:27:51 +0000 2010,spent the last 23 minutes looking for the soy sauce in the fridge. it was in the cupboard.
7819524803,Sat Jan 16 07:20:25 +0000 2010,"there's no such thing as bad weather, just the wrong clothes."
7805327497,Fri Jan 15 23:00:36 +0000 2010,just sneezed
7700392653,Wed Jan 13 07:13:43 +0000 2010,"HYPED ""john, i'm only dancing"" by Wrigley C on LOOKBOOK.nu: http://lkbk.nu/look/420187"
7584535632,Sun Jan 10 06:06:20 +0000 2010,"HYPED ""Pre-Christmas"" by M'c Kenneth Licon on LOOKBOOK.nu: http://lkbk.nu/look/376631"
7572497092,Sat Jan 09 23:09:38 +0000 2010,"HYPED ""Drenched in vanilla twilight"" by James Chardon (@iamjeymes) on LOOKBOOK.nu: http://lkbk.nu/look/411739"
7572483561,Sat Jan 09 23:09:08 +0000 2010,"HYPED ""Crying Lightning"" by Solène Simon on LOOKBOOK.nu: http://lkbk.nu/look/409901"
7572425282,Sat Jan 09 23:07:00 +0000 2010,"HYPED """" RED DAWN """" by Denny Wenny on LOOKBOOK.nu: http://lkbk.nu/look/412217"
7572396616,Sat Jan 09 23:05:58 +0000 2010,"HYPED ""inject me, baby"" by Cameron Hill on LOOKBOOK.nu: http://lkbk.nu/look/412603"
7572275847,Sat Jan 09 23:01:43 +0000 2010,"HYPED ""Man the poop deck!!"" by Adrian Salagubang (@awesome_adrian) on LOOKBOOK.nu: http://lkbk.nu/look/147379"
7541095342,Sat Jan 09 01:50:14 +0000 2010,omg what a brilliant title! http://lkbk.nu/look/409863
7540968256,Sat Jan 09 01:46:06 +0000 2010,"HYPED ""DIY studded Collar, mustard and ketchup"" by M'c Kenneth Licon on LOOKBOOK.nu: http://lkbk.nu/look/363093"
7540899867,Sat Jan 09 01:43:54 +0000 2010,"HYPED ""2010 starting it out with McQueen"" by Alexander Garland on LOOKBOOK.nu: http://lkbk.nu/look/393687"
7540885102,Sat Jan 09 01:43:24 +0000 2010,"HYPED ""all eyes on the dress"" by Jack Leeson on LOOKBOOK.nu: http://lkbk.nu/look/408791"
7501655867,Fri Jan 08 02:09:26 +0000 2010,"it's strange, for some reason we have pepsi and 7up in the fridge."
7498208054,Fri Jan 08 00:26:36 +0000 2010,"HYPED ""Let's all go camping... in style"" by M'c Kenneth Licon on LOOKBOOK.nu: http://lkbk.nu/look/407179"
7496886075,Thu Jan 07 23:41:35 +0000 2010,"HYPED ""Who Shot Candy Warhol?"" by Julio Cesar on LOOKBOOK.nu: http://lkbk.nu/look/332723"
7494739094,Thu Jan 07 22:32:14 +0000 2010,"HYPED ""I'm Dave "" by Dave Viabone on LOOKBOOK.nu: http://lkbk.nu/look/408439"
7493110841,Thu Jan 07 21:38:52 +0000 2010,"Check out my new look ""Read a Book"" on LOOKBOOK.nu: http://lkbk.nu/look/408335"
7455811530,Wed Jan 06 22:18:01 +0000 2010,"Check out my new look ""Read a Book"" on LOOKBOOK.nu: http://lkbk.nu/look/406023"
7437909600,Wed Jan 06 11:29:56 +0000 2010,"Check out my new look ""Read a Book"" on LOOKBOOK.nu: http://lkbk.nu/look/404551"
7117047253,Mon Dec 28 08:05:28 +0000 2009,"HYPED ""The lovers need to clear the road "" on LOOKBOOK.nu: http://lkbk.nu/look/381343"
7028435275,Fri Dec 25 09:21:56 +0000 2009,"HYPED ""4637281905"" on LOOKBOOK.nu: http://lkbk.nu/look/262248"
6962829839,Wed Dec 23 12:30:04 +0000 2009,"HYPED ""Just enough to see you smile."" on LOOKBOOK.nu: http://lkbk.nu/look/360715"
6957122001,Wed Dec 23 06:54:30 +0000 2009,"HYPED ""Fallen Snow Upon My Cheek"" on LOOKBOOK.nu: http://lkbk.nu/look/363227"
6957047530,Wed Dec 23 06:50:32 +0000 2009,"HYPED ""AKIRA    "" on LOOKBOOK.nu: http://lkbk.nu/look/365937"
6956827261,Wed Dec 23 06:39:20 +0000 2009,"HYPED ""www.boohyouwhore.com"" by @mikkelradicke on LOOKBOOK.nu: http://lkbk.nu/look/372217"
6956792181,Wed Dec 23 06:37:32 +0000 2009,"HYPED ""snow day"" on LOOKBOOK.nu: http://lkbk.nu/look/372357"
6956734741,Wed Dec 23 06:34:41 +0000 2009,"HYPED ""you get what you need"" on LOOKBOOK.nu: http://lkbk.nu/look/372565"
6956633205,Wed Dec 23 06:29:47 +0000 2009,"HYPED ""Pale Blogger"" on LOOKBOOK.nu: http://lkbk.nu/look/372731"
6956552084,Wed Dec 23 06:25:43 +0000 2009,"omg so sexy haha, who doesn't love old people. so wise. http://lkbk.nu/look/369777"
6956535314,Wed Dec 23 06:24:56 +0000 2009,"HYPED ""OLD LADY?"" on LOOKBOOK.nu: http://lkbk.nu/look/369777"
6891357893,Mon Dec 21 12:02:25 +0000 2009,"HYPED ""The Cold is My Lover; My Companion"" on LOOKBOOK.nu: http://lkbk.nu/look/277265"
6891340506,Mon Dec 21 12:01:30 +0000 2009,"HYPED ""Military meets Aviator. DIY Customized American Apparel t-shirt. "" on LOOKBOOK.nu: http://lkbk.nu/look/368577"
6891182525,Mon Dec 21 11:52:43 +0000 2009,"HYPED ""The Photographer"" on LOOKBOOK.nu: http://lkbk.nu/look/197800"
6841388596,Sat Dec 19 22:23:58 +0000 2009,me 2 http://lkbk.nu/look/365415
6841383545,Sat Dec 19 22:23:44 +0000 2009,"HYPED ""The Hives "" on LOOKBOOK.nu: http://lkbk.nu/look/365415"
6692772443,Tue Dec 15 10:52:55 +0000 2009,have just sold my trampoline! so off to auckland tomorrow for new clothes. or second hand clothes.. well for clothes WOO~!
6692741052,Tue Dec 15 10:50:49 +0000 2009,must say i really really love these shoes http://lkbk.nu/look/355913
6692671549,Tue Dec 15 10:46:18 +0000 2009,"HYPED ""5ans språrvagn"" on LOOKBOOK.nu: http://lkbk.nu/look/351115"
6692666021,Tue Dec 15 10:45:56 +0000 2009,"HYPED ""Almost done with school..."" on LOOKBOOK.nu: http://lkbk.nu/look/357293"
6692663518,Tue Dec 15 10:45:45 +0000 2009,"HYPED ""Poltergeist."" on LOOKBOOK.nu: http://lkbk.nu/look/354911"
6692646656,Tue Dec 15 10:44:40 +0000 2009,"HYPED ""Avenue..at least I'm not sad"" on LOOKBOOK.nu: http://lkbk.nu/look/354765"
6692628798,Tue Dec 15 10:43:30 +0000 2009,"HYPED ""The Dandy"" on LOOKBOOK.nu: http://lkbk.nu/look/356473"
6692624096,Tue Dec 15 10:43:13 +0000 2009,"HYPED ""Mayfair"" on LOOKBOOK.nu: http://lkbk.nu/look/355913"
6692524083,Tue Dec 15 10:36:29 +0000 2009,superrr! http://lkbk.nu/look/206897
6654498403,Mon Dec 14 06:33:43 +0000 2009,"HYPED ""i feel sick 24 7 "" on LOOKBOOK.nu: http://lkbk.nu/look/236162"
6654360430,Mon Dec 14 06:26:24 +0000 2009,"HYPED ""The sixties were 50 years ago."" on LOOKBOOK.nu: http://lkbk.nu/look/265277"
6654345107,Mon Dec 14 06:25:35 +0000 2009,"HYPED ""He ate my heart"" on LOOKBOOK.nu: http://lkbk.nu/look/309855"
6654278543,Mon Dec 14 06:22:05 +0000 2009,"HYPED ""insert train noises here..."" on LOOKBOOK.nu: http://lkbk.nu/look/316377"
6654243654,Mon Dec 14 06:20:17 +0000 2009,"HYPED ""Volutes bleues. Clément louis"" on LOOKBOOK.nu: http://lkbk.nu/look/329429"
6654238541,Mon Dec 14 06:20:03 +0000 2009,"HYPED ""airplane sandals or airplane necklace?"" on LOOKBOOK.nu: http://lkbk.nu/look/309353"
6639757417,Sun Dec 13 21:10:31 +0000 2009,"Check out my new look ""The 3 hour queue."" on LOOKBOOK.nu: http://lkbk.nu/look/354491"
6595334384,Sat Dec 12 09:11:36 +0000 2009,@ElizabethAllenM tights! omg awesome. http://lkbk.nu/look/351469
6562210302,Fri Dec 11 09:39:49 +0000 2009,"HYPED ""Green Fields. Nice to meet anybody there"" on LOOKBOOK.nu: http://lkbk.nu/look/348907"
6562197817,Fri Dec 11 09:38:57 +0000 2009,"HYPED ""Moonlight Serenade (1930s)"" on LOOKBOOK.nu: http://lkbk.nu/look/349407"
6561353302,Fri Dec 11 08:42:22 +0000 2009,"Check out my new look ""Summer. Getting too hot to move."" on LOOKBOOK.nu: http://lkbk.nu/look/350063"
6527025527,Thu Dec 10 09:42:03 +0000 2009,learn beetlejuice :P!
6491177966,Wed Dec 09 08:30:46 +0000 2009,"HYPED ""1976627385"" by @pascalgrob on LOOKBOOK.nu: http://lkbk.nu/look/53104"
6491175377,Wed Dec 09 08:30:33 +0000 2009,"HYPED ""6083172640"" by @pascalgrob on LOOKBOOK.nu: http://lkbk.nu/look/102191"
6491118205,Wed Dec 09 08:25:30 +0000 2009,"HYPED ""826740173"" by @pascalgrob on LOOKBOOK.nu: http://lkbk.nu/look/39490"
6491106547,Wed Dec 09 08:24:28 +0000 2009,"HYPED ""7930128632"" by @pascalgrob on LOOKBOOK.nu: http://lkbk.nu/look/73163"
6491075566,Wed Dec 09 08:21:39 +0000 2009,"HYPED ""awake in a dream"" on LOOKBOOK.nu: http://lkbk.nu/look/256923"
6491059600,Wed Dec 09 08:20:18 +0000 2009,"HYPED ""8617609275"" by @pascalgrob on LOOKBOOK.nu: http://lkbk.nu/look/96947"
6476638637,Tue Dec 08 22:10:48 +0000 2009,gaaa............im soo tired today
6454147587,Tue Dec 08 04:29:11 +0000 2009,"wow, i diddnt realize how much lb has posted on here. sorry folks"
6443584763,Mon Dec 07 22:14:08 +0000 2009,"HYPED ""I'm still an animal."" on LOOKBOOK.nu: http://lkbk.nu/look/315451"
6443281911,Mon Dec 07 22:03:00 +0000 2009,"HYPED ""3572477381"" by @pascalgrob on LOOKBOOK.nu: http://lkbk.nu/look/154177"
6442103649,Mon Dec 07 21:18:14 +0000 2009,o? http://lkbk.nu/look/343561
6441873042,Mon Dec 07 21:09:18 +0000 2009,@gschpaenli very smile. http://lkbk.nu/look/343833
6441812446,Mon Dec 07 21:06:58 +0000 2009,awesome hair. http://lkbk.nu/look/344345
6410266443,Sun Dec 06 21:05:32 +0000 2009,"HYPED ""こばな"" on LOOKBOOK.nu: http://lkbk.nu/look/270699"
6410262495,Sun Dec 06 21:05:25 +0000 2009,"HYPED ""boy meets girl"" on LOOKBOOK.nu: http://lkbk.nu/look/275407"
6410053170,Sun Dec 06 20:59:28 +0000 2009,"mmm, i love so much about this. the shirt, the necklace, the ring.  http://lkbk.nu/look/342505"
6410011040,Sun Dec 06 20:58:15 +0000 2009,"HYPED ""Salut les filles "" on LOOKBOOK.nu: http://lkbk.nu/look/342505"
6409934355,Sun Dec 06 20:55:37 +0000 2009,"HYPED ""Spot the difference"" on LOOKBOOK.nu: http://lkbk.nu/look/342625"
6409916184,Sun Dec 06 20:54:58 +0000 2009,marvelous :) http://lkbk.nu/look/198693
6409865758,Sun Dec 06 20:53:08 +0000 2009,"HYPED ""Sabrina"" on LOOKBOOK.nu: http://lkbk.nu/look/342649"
6409861447,Sun Dec 06 20:52:59 +0000 2009,very very cute. love the bag. http://lkbk.nu/look/342649
6397510283,Sun Dec 06 11:19:11 +0000 2009,:) http://hhhhype.com/look/255655
6397497087,Sun Dec 06 11:18:10 +0000 2009,boots :) http://lkbk.nu/look/339507
6395711672,Sun Dec 06 09:02:04 +0000 2009,"HYPED ""on my way"" on LOOKBOOK.nu: http://lkbk.nu/look/305025"
6395664961,Sun Dec 06 08:58:58 +0000 2009,didn't you just stick your face on a pic? http://lkbk.nu/look/341359
6395447662,Sun Dec 06 08:42:52 +0000 2009,"@jaglever yes, shoes aree awesome. http://lkbk.nu/look/332337"
6394820441,Sun Dec 06 08:00:22 +0000 2009,cute shirt. http://lkbk.nu/look/315919
6394811239,Sun Dec 06 07:59:56 +0000 2009,"HYPED ""is that ice cream i c"" on LOOKBOOK.nu: http://lkbk.nu/look/315919"
6394805532,Sun Dec 06 07:59:33 +0000 2009,"HYPED ""Only 30 seconds later."" on LOOKBOOK.nu: http://lkbk.nu/look/219168"
6394536390,Sun Dec 06 07:41:42 +0000 2009,"HYPED ""Can You Feel The Love Tonight?"" on LOOKBOOK.nu: http://lkbk.nu/look/234883"
6394467248,Sun Dec 06 07:37:10 +0000 2009,"HYPED ""03.12 ; Lace and Pearls"" on LOOKBOOK.nu: http://lkbk.nu/look/337395"
6394466374,Sun Dec 06 07:37:06 +0000 2009,beauti-a-ful http://lkbk.nu/look/337395
6394236148,Sun Dec 06 07:22:39 +0000 2009,"HYPED ""Coastal Harbor Town Essence"" on LOOKBOOK.nu: http://lkbk.nu/look/313357"
6394187559,Sun Dec 06 07:19:41 +0000 2009,"wow, that gave me a huge smile :) http://lkbk.nu/look/341483"
6392590251,Sun Dec 06 05:52:31 +0000 2009,"Check out my new look ""Denim, Summer"" on LOOKBOOK.nu: http://lkbk.nu/look/341483"
6330549758,Fri Dec 04 07:19:46 +0000 2009,"HYPED """" TRAVOLTA """" on LOOKBOOK.nu: http://lkbk.nu/look/330171"
6297617504,Thu Dec 03 07:57:47 +0000 2009,"HYPED ""The red bag"" on LOOKBOOK.nu: http://lkbk.nu/look/323389"
6297615097,Thu Dec 03 07:57:37 +0000 2009,"HYPED ""Is that Okay?"" on LOOKBOOK.nu: http://lkbk.nu/look/284085"
6297574110,Thu Dec 03 07:54:46 +0000 2009,"HYPED ""...with some retro sneakers...."" on LOOKBOOK.nu: http://lkbk.nu/look/320087"
6227151372,Tue Dec 01 05:56:15 +0000 2009,"off to knitting tonight and watching ""the invention of lying"" after . should be good"
6195936851,Mon Nov 30 08:06:42 +0000 2009,"new movie ""avatar"" anyone seen? views?"
6193964323,Mon Nov 30 06:04:09 +0000 2009,good lord i love family guy. stewie's my fav ofcourse
6167535611,Sun Nov 29 11:08:57 +0000 2009,"well. ive finished 2 pages in the never-ending scrapbook. tomorrow, l'ile du sud... anywho its tomorrow already 8 minutes past.  so NITE! x"
6164061530,Sun Nov 29 06:59:16 +0000 2009,gaaa.. scrapbooking for france
6159669001,Sun Nov 29 03:26:42 +0000 2009,holy cavalli! has anyone seen the new RC  collection? 'pour homme' ofcourse. i need need need a pair of those darted blue shorts.
6157392304,Sun Nov 29 01:49:59 +0000 2009,"mmmm, http://www.yesstyle.com"
6156867588,Sun Nov 29 01:27:28 +0000 2009,"got back from afs camp ., me, 11girls... interesting time. especially when carol bought out condoms and roll-on deodorant."
4963525435,Sun Oct 18 09:01:24 +0000 2009,got my hands in human hair yarn
4912795617,Fri Oct 16 10:28:50 +0000 2009,one of my best friends is afraid of potatoes. like for real.
4881373594,Thu Oct 15 04:32:26 +0000 2009,"just enjoyed an avocado an tomato bagel.  an enjoyed a good laugh (mum's pronunciation ""bagelle"")  http://pic.gd/145c8b http://pic.gd/057793"
